<?xml version="1.0"?>
<!-- Ivanti Automation Building Blocks -->
<!-- Created by marcelvenema\administrator on 8/30/2018 2:33:04 PM -->
<AutomationManager>
	<buildingblock version="3.0" bbpwh="3jLfTCL38+a0F7etaaWUkg==:20000:zfiPf4ySi0VaxxqGS3KKnxzlWnecc4ixyHnHGJkRT0Q=">
		<projects/>
		<modules>
			<module>
				<properties>
					<guid>{3E053E60-39AB-4516-BBB1-1563B0A110C9}</guid>
					<name>Install Assesment and Deployment Kit (ADK) for Windows 10 1803</name>
					<enabled>yes</enabled>
					<description>Install Assesment and Deployment Kit (ADK) for Windows 10 1703

20170516  MarcelVenema.com</description>
					<version>1.0.1</version>
					<versioncomment>Updated version</versioncomment>
					<properties>
						<separators/>
					</properties>
					<folderpath>
						<folder>
							<name>Software</name>
							<description/>
							<guid>{3393D2A2-09C5-406F-ABF0-1FAE97D56707}</guid>
							<folder>
								<name>Microsoft</name>
								<description/>
								<guid>{99A9EBDF-1F61-4D45-BCAE-1B037E4F3900}</guid>
								<folder>
									<name>Assesment and Deployment Kit</name>
									<description/>
									<guid>{FC20346C-4F36-4FA4-B1DD-032E68DBFBB0}</guid>
									<folder>
										<name>10</name>
										<description/>
										<guid>{57BE9ABC-598B-495A-A1B3-27866D513CD6}</guid>
									</folder>
								</folder>
							</folder>
						</folder>
					</folderpath>
					<deleteusedresources>yes</deleteusedresources>
				</properties>
				<tasks>
					<task hidden="yes">
						<limitinvoke>no</limitinvoke>
						<parameters/>
						<conditions>
							<condition guid="{170308D8-C18E-427B-8E7B-635A66E555F6}">
								<expressions>
								</expressions>
								<operator>AND</operator>
								<actiontrue>3</actiontrue>
								<when>0</when>
								<action>3</action>
								<enabled>yes</enabled>
							</condition>
							<condition guid="{3F06B7FC-45F8-4C74-9EBE-EB37555D2B35}">
								<expressions>
								</expressions>
							</condition>
							<condition guid="{5E7B72BD-15D2-479A-9AC9-C04D1582121A}">
								<expressions>
								</expressions>
								<operator>AND</operator>
								<actiontrue>3</actiontrue>
								<when>0</when>
								<action>3</action>
								<enabled>yes</enabled>
							</condition>
						</conditions>
						<variablescontainer></variablescontainer>
					</task>
					<task>
						<properties>
							<type>DOWNLOAD</type>
							<guid>{170308D8-C18E-427B-8E7B-635A66E555F6}</guid>
							<description>Download 3.9 GB in 1 file(s) to "%TMP%\ADK"</description>
							<enabled>yes</enabled>
							<comments/>
							<onerror>fail</onerror>
						</properties>
						<settings>
							<ysnlog>yes</ysnlog>
							<resources>{3981B42F-012F-402B-A200-954B3C9FFD6D}</resources>
							<destination>%TMP%\ADK</destination>
							<ysndestination>yes</ysndestination>
						</settings>
					</task>
					<task>
						<properties>
							<type>COMMAND</type>
							<guid>{5E7B72BD-15D2-479A-9AC9-C04D1582121A}</guid>
							<description>Execute "@[SCRIPT]"</description>
							<enabled>yes</enabled>
							<comments/>
							<onerror>fail</onerror>
						</properties>
						<settings>
							<commandline>@[SCRIPT]</commandline>
							<username/>
							<password encrypted="yes">{015d45e3-c3ab-45e8-98e2-941328a099c8;s=00059;v=1;m=aes256}Dzr4xaqw89Ylla3Bx4B5wDRbGHZFuKFO9W9eCr8jFm0=</password>
							<loaduserprofile>no</loaduserprofile>
							<usecmd>yes</usecmd>
							<redirect>yes</redirect>
							<failonerroutput>no</failonerroutput>
							<validateexitcode>no</validateexitcode>
							<validateexitcode>no</validateexitcode>
							<failifexitcode>no</failifexitcode>
							<exitcodes>0</exitcodes>
							<timeout>30</timeout>
							<terminate>no</terminate>
							<terminatetree>no</terminatetree>
							<grablogfile>%TMP%\ADK\ADK10.TXT</grablogfile>
							<script>%TMP%\ADK\ADKSETUP.EXE /Features OptionId.DeploymentTools OptionId.WindowsPreinstallationEnvironment OptionId.UserStateMigrationTool /norestart /quiet /ceip off /log %TMP%\ADK\adk10.txt</script>
							<scriptext>cmd</scriptext>
						</settings>
					</task>
				</tasks>
			</module>
		</modules>
		<resources>
			<resource>
				<properties>
					<guid>{3981B42F-012F-402B-A200-954B3C9FFD6D}</guid>
					<version>1.0.0</version>
					<versioncomment>Initial version</versioncomment>
					<type>AMRESOURCEPACKAGE</type>
					<name>ADK for Windows 10 - 1803</name>
					<comment/>
					<enabled>yes</enabled>
					<crc32>5481918</crc32>
					<folderpath>
						<folder>
							<name>Software</name>
							<description/>
							<guid>{1A7069CC-066A-4731-9C52-15A1505C776F}</guid>
							<folder>
								<name>Microsoft</name>
								<description/>
								<guid>{ED6E28C1-19C7-4BC5-8417-1BA4CB94D5A7}</guid>
								<folder>
									<name>Assesment and Deployment Kit (ADK)</name>
									<description/>
									<guid>{917A3AEE-6489-41E1-9CBA-0627EF832481}</guid>
								</folder>
							</folder>
						</folder>
					</folderpath>
				</properties>
			</resource>
		</resources>
		<runbooks/>
		<teams/>
		<projectfolders/>
		<modulefolders/>
		<resourcefolders/>
		<runbookfolders/>
		<teamfolders/>
	</buildingblock>
</AutomationManager>
