<?xml version="1.0"?>
<!-- Ivanti Automation Building Blocks -->
<!-- Created by marcelvenema\administrator on 9/6/2018 10:00:20 AM -->
<AutomationManager>
	<buildingblock version="3.0" bbpwh="zzGXadSQpL6Lk8C5jYwdmA==:20000:NHLXIALsrYsuibKSoqkof5c5uOE4Wqi9c4dyR/UWPw8=">
		<projects/>
		<modules>
			<module>
				<properties>
					<guid>{43524F57-4429-0000-4D56-F4D7BFA62EE6}</guid>
					<name>Configure CUSTOMSETTINGS.INI</name>
					<enabled>yes</enabled>
					<description>This module will configure the CUSTOMSETTINGS.INI file from the Microsoft Deployment Toolkit Reference Image Factory

See also https://www.marcelvenema.com/blog/create-a-mdt-reference-image-task-sequence
</description>
					<version>1.0.11</version>
					<versioncomment>Updated version</versioncomment>
					<properties>
						<separators/>
					</properties>
					<folderpath>
						<folder>
							<name>Software</name>
							<description/>
							<guid>{3393D2A2-09C5-406F-ABF0-1FAE97D56707}</guid>
							<folder>
								<name>Microsoft</name>
								<description/>
								<guid>{99A9EBDF-1F61-4D45-BCAE-1B037E4F3900}</guid>
								<folder>
									<name>Microsoft Deployment Toolkit (MDT)</name>
									<description/>
									<guid>{12C645A7-E996-4AFC-95F3-42FD8642466B}</guid>
									<folder>
										<name>Configuration</name>
										<description/>
										<guid>{68D5D88F-C6B5-43B6-AA9A-65031DBC501A}</guid>
									</folder>
								</folder>
							</folder>
						</folder>
					</folderpath>
					<deleteusedresources>yes</deleteusedresources>
				</properties>
				<tasks>
					<task hidden="yes">
						<limitinvoke>no</limitinvoke>
						<parameters>
							<param>
								<name>MDT.SERVICEACCOUNT</name>
								<value1>service_mdt</value1>
								<value2/>
								<value3/>
								<type>0</type>
								<description/>
								<hint>Please provide the necessary input</hint>
								<selection/>
								<inputtiming>
									<importbb showprev="no" eraseprev="no">no</importbb>
									<schedulejob showprev="yes" eraseprev="no">yes</schedulejob>
								</inputtiming>
								<inputoptions>
									<confirm>no</confirm>
									<force>no</force>
									<required>no</required>
									<validation>no</validation>
								</inputoptions>
							</param>
							<param>
								<name>MDT.PASSWORD</name>
								<value1>{015d45e3-c3ab-45e8-98e2-941328a099c8;s=00059;v=1;m=aes256}tPIT3Lvi/6s/vssoC65JbIsVKBt4sDFwSdLsIfs0UKCsdAYFULnUelTOdqtCNatI</value1>
								<value2/>
								<value3/>
								<type>5</type>
								<description/>
								<hint>Please provide the necessary input</hint>
								<selection/>
								<inputtiming>
									<importbb showprev="no" eraseprev="no">no</importbb>
									<schedulejob showprev="yes" eraseprev="no">yes</schedulejob>
								</inputtiming>
								<inputoptions>
									<confirm>no</confirm>
									<force>no</force>
									<required>no</required>
								</inputoptions>
							</param>
							<param>
								<name>MDT.DOMAIN</name>
								<value1>DEMO</value1>
								<value2/>
								<value3/>
								<type>0</type>
								<description/>
								<hint>Please provide the necessary input</hint>
								<selection/>
								<inputtiming>
									<importbb showprev="no" eraseprev="no">no</importbb>
									<schedulejob showprev="yes" eraseprev="no">yes</schedulejob>
								</inputtiming>
								<inputoptions>
									<confirm>no</confirm>
									<force>no</force>
									<required>no</required>
									<validation>no</validation>
								</inputoptions>
							</param>
							<param>
								<name>MDT.FOLDER</name>
								<value1>ReferenceShare</value1>
								<value2/>
								<value3/>
								<type>0</type>
								<description/>
								<hint>Please provide the necessary input</hint>
								<selection/>
								<inputtiming>
									<importbb showprev="no" eraseprev="no">no</importbb>
									<schedulejob showprev="yes" eraseprev="no">yes</schedulejob>
								</inputtiming>
								<inputoptions>
									<confirm>no</confirm>
									<force>no</force>
									<required>no</required>
									<validation>no</validation>
								</inputoptions>
							</param>
							<param>
								<name>MDT.ADMINPASSWORD</name>
								<value1>{015d45e3-c3ab-45e8-98e2-941328a099c8;s=00059;v=1;m=aes256}Pl3/b2HHEO+aG94sJK8gNSyzvJV6Km3iLyBcJdqsWfJ7IHJGYOG6mQBVo/2/at+o</value1>
								<value2/>
								<value3/>
								<type>5</type>
								<description/>
								<hint>Please provide the necessary input</hint>
								<selection/>
								<inputtiming>
									<importbb showprev="no" eraseprev="no">no</importbb>
									<schedulejob showprev="yes" eraseprev="no">yes</schedulejob>
								</inputtiming>
								<inputoptions>
									<confirm>no</confirm>
									<force>no</force>
									<required>no</required>
								</inputoptions>
							</param>
						</parameters>
						<conditions>
							<condition guid="{67E790DE-89B5-4055-9755-2E0D12B8CA9F}">
								<expressions/>
								<operator>AND</operator>
								<actiontrue>3</actiontrue>
								<when>0</when>
								<action>3</action>
								<enabled>yes</enabled>
							</condition>
						</conditions>
						<variablescontainer></variablescontainer>
					</task>
					<task>
						<properties>
							<type>PWRSHELL</type>
							<guid>{67E790DE-89B5-4055-9755-2E0D12B8CA9F}</guid>
							<description>Execute Windows PowerShell Script</description>
							<enabled>yes</enabled>
							<comments>Edit CUSTOMSETTINGS.INI</comments>
							<onerror>fail</onerror>
						</properties>
						<settings>
							<username/>
							<password encrypted="yes">{015d45e3-c3ab-45e8-98e2-941328a099c8;s=00059;v=1;m=aes256}IiBITHopbEHMW8y3FZGZbSv+ccJi2wgXZQoIrGpaVKY=</password>
							<usescript>yes</usescript>
							<source># Edit CUSTOMSETTINGS.INI

$content=@"
[Settings]
Priority=MacAddress, Default

[Default]
DevMode=ON
DeployRoot=##SHARE##
UserID=##USERID##
UserDomain=##USERDOMAIN##
UserPassword=##USERPASSWORD##

SLShare=##SHARE##\Captures\Logs
SLShareDynamicLogging=%DeployRoot%\Captures\Logs
_SMSTSOrgName=Running %TaskSequenceID% on %OSDComputerName%

DeploymentType=NEWCOMPUTER
DoCapture=YES
ComputerBackupLocation=NETWORK
BackupShare=##SHARE##
BackupDir=Captures\%OSDComputername%
BackupFile=%OSDComputerName%.wim

SkipTaskSequence=YES
SkipAdminPassword=YES
AdminPassword=##ADMINPASSWORD##
SkipApplications=YES
SkipBitLocker=YES
SkipCapture=YES
SkipComputername=YES
SkipComputerBackup=YES
SkipDomainMembership=YES
SkipLocaleSelection=YES
SkipProductKey=YES
SkipRoles=YES
SkipTimeZone=YES
SkipSummary=YES
SkipFinalSummary=YES
SkipUserData=YES
FinishAction=SHUTDOWN
OSInstall=YES
HideShell=NO
DoNotCreateExtraPartition=YES

;Windows 7 Enterprise SP1 x64
[00:43:29:00:07:64]
OSDComputerName=W7Ex64
TaskSequenceID=##REPLACE##
ProductKey=33PXH-7Y6KF-2VJC9-XBBR8-HVTHH
FinishAction=SHUTDOWN

;Windows 10 Enterprise x64 1709
[00:43:29:1E:17:09]
OSDComputerName=W10E-1709
TaskSequenceID=##REPLACE##
ProductKey=W269N-WFGWX-YVC9B-4J6C9-T83GX
FinishAction=SHUTDOWN

;Windows 10 Enterprise x64 1803
[00:43:29:18:03:10]
OSDComputerName=W10E-1803
TaskSequenceID=##REPLACE##
ProductKey=W269N-WFGWX-YVC9B-4J6C9-T83GX
FinishAction=SHUTDOWN

; Windows Server 2012 R2 DataCenter
[00:43:29:00:20:12]
OSDComputerName=W2K12R2
TaskSequenceID=##REPLACE##
ProductKey=W3GGN-FT8W3-Y4M27-J84CP-Q3VJ9
FinishAction=SHUTDOWN

;Windows Server 2016
[00:43:29:00:20:16]
OSDComputerName=W2K16D
TaskSequenceID=##REPLACE##
ProductKey=CB7KF-BWN84-R7R2Y-793K2-8XDDG
FinishAction=SHUTDOWN

;Windows Server 2016 Core 1709
[00:43:29:17:20:16]
OSDComputerName=W2K16C
TaskSequenceID=##REPLACE##
ProductKey=CB7KF-BWN84-R7R2Y-793K2-8XDDG
FinishAction=SHUTDOWN

"@

$folder = "$[MDT.FOLDER]"
$userid = "$[MDT.SERVICEACCOUNT]"
$computername = $env:computername
$adminpassword = "$[MDT.ADMINPASSWORD]"
$password = "$[MDT.PASSWORD]"
$share = "\\" + $computername + "\" + $folder + "$"
$file = $share + "\Control\CustomSettings.ini"

$content = $content.replace("##SHARE##", $share) 
$content = $content.replace("##USERID##", $userid) 
$content = $content.replace("##USERDOMAIN##", $computername) 
$content = $content.replace("##USERPASSWORD##", $password)
$content = $content.replace("##ADMINPASSWORD##", $adminpassword)

Write-Host $content
Set-Content $file $content</source>
							<scriptext>ps1</scriptext>
							<outputwidth>80</outputwidth>
							<timeout>10</timeout>
							<terminate>no</terminate>
							<snapins/>
							<overrideexecutionpolicy>no</overrideexecutionpolicy>
							<usex86psonx64>no</usex86psonx64>
						</settings>
					</task>
				</tasks>
			</module>
		</modules>
		<resources/>
		<runbooks/>
		<teams/>
		<projectfolders/>
		<modulefolders/>
		<resourcefolders/>
		<runbookfolders/>
		<teamfolders/>
	</buildingblock>
</AutomationManager>
