﻿<?xml version="1.0" encoding="utf-8" ?>
<sessionmanager>
	<version>0.3.3.2</version>
	<configuration>
		<usevirtualchannel>no</usevirtualchannel>
		<clientnameregkey>HKEY_CURRENT_USER\Software\MarcelVenema.com\SessionManager</clientnameregkey>
			<logfile></logfile>
		<loglevel>3</loglevel>
		<showmonitor>No</showmonitor>
	</configuration>
	<events>
		<sessionconnect>
			<actions>
				<action>
					<order>1</order>
					<action>example.ps1</action>
					<arguments>"SessionConnect"</arguments>
					<waittofinish>no</waittofinish>
					<description>description for sessionconnect action</description>
				</action>
			</actions>
		</sessionconnect>
		<sessiondisconnect>
			<actions>
				<action>
					<order>1</order>
					<action>example.ps1</action>
					<arguments>"SessionDisconnect"</arguments>
					<waittofinish>no</waittofinish>
					<description>description for sessiondisconnect action</description>
				</action>
			</actions>
		</sessiondisconnect>
		<sessionlogon>
			<actions>
				<action>
					<order>1</order>
					<action>example.ps1</action>
					<arguments>"SessionLogon"</arguments>
					<waittofinish>no</waittofinish>
					<description>description for sessionlogon action</description>
				</action>
			</actions>
		</sessionlogon>
		<sessionlogoff>
			<actions>
				<action>
					<order>1</order>
					<action>example.ps1</action>
					<arguments>"SessionLogoff"</arguments>
					<waittofinish>no</waittofinish>
					<description>description for sessionlogoff action</description>
				</action>
			</actions>
		</sessionlogoff>
		<sessionlock>
			<actions>
				<action>
					<order>1</order>
					<action>example.ps1</action>
					<arguments>"SessionLock"</arguments>
					<waittofinish>no</waittofinish>
					<description>description for sessionlock action</description>
				</action>
				<action>
					<order>2</order>
					<action>example.ps1</action>
					<arguments>sessionmanager.config.xml</arguments>
					<waittofinish>no</waittofinish>
					<description>description for sessionlock action</description>
				</action>
			</actions>
		</sessionlock>
		<sessionunlock>
			<actions>
				<action>
					<order>1</order>
					<action>example.ps1</action>
					<arguments>"'SessionUnlock'"</arguments>
					<waittofinish>no</waittofinish>
					<description>description for sessionunlock action</description>
				</action>
			</actions>
		</sessionunlock>
		<sessionroam>
			<actions>
				<action>
					<order>1</order>
					<action>example.ps1</action>
					<arguments>"SessionRoam"</arguments>
					<waittofinish>no</waittofinish>
					<description>description for sessionroam action</description>
				</action>
			</actions>
		</sessionroam>
		<vcdatareceive>
			<actions>
				<action>
					<order>1</order>
					<action>example.ps1</action>
					<arguments>"VCDataReceive"</arguments>
					<waittofinish>no</waittofinish>
					<description>description for VCDataReceive action</description>
				</action>
			</actions>
		</vcdatareceive>	
		<vcdatasend>
			<actions>
				<action>
					<order>1</order>
					<action>example.ps1</action>
					<arguments>"VCDataSend"</arguments>
					<waittofinish>no</waittofinish>
					<description>description for VCDataSend action</description>
				</action>
			</actions>
		</vcdatasend>	
	</events>
</sessionmanager>
