<?xml version="1.0"?>
<!-- Ivanti Automation Building Blocks -->
<!-- Created by marcelvenema\administrator on 8/30/2018 2:34:03 PM -->
<AutomationManager>
	<buildingblock version="3.0" bbpwh="x3eGkHZazECYyVmDT6jQYQ==:20000:B+h9zzzDyURxMJWPgqckNhuhLiH5A3cDwT+Dkf4ySzY=">
		<projects/>
		<modules>
			<module>
				<properties>
					<guid>{43524F57-4429-0000-4D56-4612EA134E49}</guid>
					<name>Install Microsoft Deployment Toolkit version 8450</name>
					<enabled>yes</enabled>
					<description>Install Microsoft Deployment Toolkit 8450

MarcelVenema.com</description>
					<version>1.0.5</version>
					<versioncomment>Updated version</versioncomment>
					<properties>
						<separators/>
					</properties>
					<folderpath>
						<folder>
							<name>Software</name>
							<description/>
							<guid>{3393D2A2-09C5-406F-ABF0-1FAE97D56707}</guid>
							<folder>
								<name>Microsoft</name>
								<description/>
								<guid>{99A9EBDF-1F61-4D45-BCAE-1B037E4F3900}</guid>
								<folder>
									<name>Microsoft Deployment Toolkit (MDT)</name>
									<description/>
									<guid>{12C645A7-E996-4AFC-95F3-42FD8642466B}</guid>
									<folder>
										<name>Installation</name>
										<description/>
										<guid>{3D3CA319-D33B-45FD-8808-7C03140A040D}</guid>
									</folder>
								</folder>
							</folder>
						</folder>
					</folderpath>
					<deleteusedresources>yes</deleteusedresources>
				</properties>
				<tasks>
					<task hidden="yes">
						<limitinvoke>no</limitinvoke>
						<parameters/>
						<conditions>
							<condition guid="{8EAE7189-8A9B-47F4-9D46-47388E8771D7}">
								<expressions>
									<expression guid="{E8E9F500-73EA-4412-A49A-BE6F6C03AE32}">
										<operand>Operating System Bit Version</operand>
										<operator>=</operator>
										<value>64</value>
										<type>6</type>
									</expression>
								</expressions>
								<operator>AND</operator>
								<actiontrue>3</actiontrue>
								<setparametertrue>no</setparametertrue>
								<parametertrue>
								</parametertrue>
								<when>0</when>
								<action>0</action>
								<setparameter>no</setparameter>
								<parameter>
								</parameter>
								<enabled>yes</enabled>
							</condition>
							<condition guid="{1E4F0542-9AAD-459A-9E05-1A5ADCA86694}">
								<expressions>
									<expression guid="{D319CA3F-9BFF-456D-BD9D-B2DE5A16A6B0}">
										<operand>Operating System Bit Version</operand>
										<operator>=</operator>
										<value>32</value>
										<type>6</type>
									</expression>
								</expressions>
								<operator>AND</operator>
								<actiontrue>3</actiontrue>
								<setparametertrue>no</setparametertrue>
								<parametertrue>
								</parametertrue>
								<when>0</when>
								<action>0</action>
								<setparameter>no</setparameter>
								<parameter>
								</parameter>
								<enabled>yes</enabled>
							</condition>
						</conditions>
						<variablescontainer></variablescontainer>
					</task>
					<task>
						<properties>
							<type>MSI</type>
							<guid>{8EAE7189-8A9B-47F4-9D46-47388E8771D7}</guid>
							<description>Install "MicrosoftDeploymentToolkit_x64.msi"</description>
							<enabled>yes</enabled>
							<comments/>
							<onerror>fail</onerror>
						</properties>
						<settings>
							<mode>i</mode>
							<username/>
							<password encrypted="yes">{015d45e3-c3ab-45e8-98e2-941328a099c8;s=00059;v=1;m=aes256}g2hFaJ4zxUYzjkzQSzxd9tFvGlHEgw0WT2Fti+7fpqQ=</password>
							<package>{75E939DA-1E08-41CB-96E2-DB792FF68430}</package>
							<log>i</log>
							<uselocalwininstallerdir>no</uselocalwininstallerdir>
							<supportrespf>no</supportrespf>
							<publicproperties>
								<publicproperty>ALLUSERS=2</publicproperty>
							</publicproperties>
							<transforms/>
						</settings>
					</task>
					<task>
						<properties>
							<type>MSI</type>
							<guid>{1E4F0542-9AAD-459A-9E05-1A5ADCA86694}</guid>
							<description>Install "MicrosoftDeploymentToolkit_x86.msi"</description>
							<enabled>yes</enabled>
							<comments/>
							<onerror>fail</onerror>
						</properties>
						<settings>
							<mode>i</mode>
							<username/>
							<password encrypted="yes">{015d45e3-c3ab-45e8-98e2-941328a099c8;s=00059;v=1;m=aes256}gntoIMDwtod6MwqesETmaW3lDHWwdF9no298tWhyUnQ=</password>
							<package>{3CD32B46-6CC2-41AA-A04B-779C4357ECB7}</package>
							<log>i</log>
							<uselocalwininstallerdir>no</uselocalwininstallerdir>
							<supportrespf>no</supportrespf>
							<publicproperties>
								<publicproperty>ALLUSERS=2</publicproperty>
							</publicproperties>
							<transforms/>
						</settings>
					</task>
				</tasks>
			</module>
		</modules>
		<resources>
			<resource>
				<properties>
					<guid>{75E939DA-1E08-41CB-96E2-DB792FF68430}</guid>
					<version>1.0.1</version>
					<versioncomment>Updated version</versioncomment>
					<type>DATABASE</type>
					<file>MicrosoftDeploymentToolkit_x64.msi</file>
					<parsefilecontent>no</parsefilecontent>
					<skipenvironmentvariables>no</skipenvironmentvariables>
					<comment>Microsoft Deployment Toolkit x64 version 8450
download from https://www.microsoft.com/en-us/download/details.aspx?id=54259	</comment>
					<enabled>yes</enabled>
					<crc32>CFB49DEE</crc32>
					<folderpath>
						<folder>
							<name>Software</name>
							<description/>
							<guid>{1A7069CC-066A-4731-9C52-15A1505C776F}</guid>
							<folder>
								<name>Microsoft</name>
								<description/>
								<guid>{ED6E28C1-19C7-4BC5-8417-1BA4CB94D5A7}</guid>
								<folder>
									<name>Deployment Toolkit (MDT)</name>
									<description>Microsoft Deployment Toolkit</description>
									<guid>{5EEDD31D-2ACE-4EDB-9375-5A24DBF56366}</guid>
									<folder>
										<name>8450</name>
										<description/>
										<guid>{C7CB94D9-F9E9-41F1-9AF3-5A851F573FC4}</guid>
									</folder>
								</folder>
							</folder>
						</folder>
					</folderpath>
				</properties>
			</resource>
			<resource>
				<properties>
					<guid>{3CD32B46-6CC2-41AA-A04B-779C4357ECB7}</guid>
					<version>1.0.1</version>
					<versioncomment>Updated version</versioncomment>
					<type>DATABASE</type>
					<file>MicrosoftDeploymentToolkit_x86.msi</file>
					<parsefilecontent>no</parsefilecontent>
					<skipenvironmentvariables>no</skipenvironmentvariables>
					<comment>Microsoft Deployment Toolkit x64 version 8450
download from https://www.microsoft.com/en-us/download/details.aspx?id=54259	</comment>
					<enabled>yes</enabled>
					<crc32>45FEDA95</crc32>
					<folderpath>
						<folder>
							<name>Software</name>
							<description/>
							<guid>{1A7069CC-066A-4731-9C52-15A1505C776F}</guid>
							<folder>
								<name>Microsoft</name>
								<description/>
								<guid>{ED6E28C1-19C7-4BC5-8417-1BA4CB94D5A7}</guid>
								<folder>
									<name>Deployment Toolkit (MDT)</name>
									<description>Microsoft Deployment Toolkit</description>
									<guid>{5EEDD31D-2ACE-4EDB-9375-5A24DBF56366}</guid>
									<folder>
										<name>8450</name>
										<description/>
										<guid>{C7CB94D9-F9E9-41F1-9AF3-5A851F573FC4}</guid>
									</folder>
								</folder>
							</folder>
						</folder>
					</folderpath>
				</properties>
			</resource>
		</resources>
		<runbooks/>
		<teams/>
		<projectfolders/>
		<modulefolders/>
		<resourcefolders/>
		<runbookfolders/>
		<teamfolders/>
	</buildingblock>
</AutomationManager>
