<?xml version="1.0"?>
<!-- Ivanti Automation Building Blocks -->
<!-- Created by marcelvenema\administrator on 9/6/2018 9:35:56 AM -->
<AutomationManager>
	<buildingblock version="3.0" bbpwh="UzxMmwOBc7VdhhSTDjPULQ==:20000:MsScVGMIvaDNleaxRiad5smQ7oHo5kZXPy0U6cQR4yU=">
		<projects/>
		<modules>
			<module>
				<properties>
					<guid>{43524F57-4429-0000-4D56-F627D9E8B637}</guid>
					<name>Configure BOOTSTRAP.INI</name>
					<enabled>yes</enabled>
					<description>This module will configure the BOOTSTRAP.INI file form the Microsoft Deployment Toolkit Reference Image Factory

See also https://www.marcelvenema.com/blog/create-a-mdt-reference-image-task-sequence
</description>
					<version>1.0.18</version>
					<versioncomment>Updated version</versioncomment>
					<properties>
						<separators/>
					</properties>
					<folderpath>
						<folder>
							<name>Software</name>
							<description/>
							<guid>{3393D2A2-09C5-406F-ABF0-1FAE97D56707}</guid>
							<folder>
								<name>Microsoft</name>
								<description/>
								<guid>{99A9EBDF-1F61-4D45-BCAE-1B037E4F3900}</guid>
								<folder>
									<name>Microsoft Deployment Toolkit (MDT)</name>
									<description/>
									<guid>{12C645A7-E996-4AFC-95F3-42FD8642466B}</guid>
									<folder>
										<name>Configuration</name>
										<description/>
										<guid>{68D5D88F-C6B5-43B6-AA9A-65031DBC501A}</guid>
									</folder>
								</folder>
							</folder>
						</folder>
					</folderpath>
					<deleteusedresources>yes</deleteusedresources>
				</properties>
				<tasks>
					<task hidden="yes">
						<limitinvoke>no</limitinvoke>
						<parameters>
							<param>
								<name>MDT.SERVICEACCOUNT</name>
								<value1>SA_MDT</value1>
								<value2/>
								<value3/>
								<type>0</type>
								<description>Local service account to access MDT Reference share.</description>
								<hint>Please provide the necessary input</hint>
								<selection/>
								<inputtiming>
									<importbb showprev="no" eraseprev="no">no</importbb>
									<schedulejob showprev="yes" eraseprev="no">yes</schedulejob>
								</inputtiming>
								<inputoptions>
									<confirm>no</confirm>
									<force>no</force>
									<required>no</required>
									<validation>no</validation>
								</inputoptions>
							</param>
							<param>
								<name>MDT.PASSWORD</name>
								<value1>{015d45e3-c3ab-45e8-98e2-941328a099c8;s=00059;v=1;m=aes256}gBWyubkLdKkZRQt8V3HjBnuGJrfGBFyAW9VI/CDudiVM2+UIvGReGRGyWgJchYgs</value1>
								<value2/>
								<value3/>
								<type>5</type>
								<description>Password of local service account to access MDT Reference share</description>
								<hint>Please provide the necessary input</hint>
								<selection/>
								<inputtiming>
									<importbb showprev="no" eraseprev="no">no</importbb>
									<schedulejob showprev="yes" eraseprev="no">yes</schedulejob>
								</inputtiming>
								<inputoptions>
									<confirm>no</confirm>
									<force>no</force>
									<required>no</required>
								</inputoptions>
							</param>
							<param>
								<name>MDT.DOMAIN</name>
								<value1/>
								<value2/>
								<value3/>
								<type>0</type>
								<description/>
								<hint>Please provide the necessary input</hint>
								<selection/>
								<inputtiming>
									<importbb showprev="no" eraseprev="no">no</importbb>
									<schedulejob showprev="yes" eraseprev="no">yes</schedulejob>
								</inputtiming>
								<inputoptions>
									<confirm>no</confirm>
									<force>no</force>
									<required>no</required>
									<validation>no</validation>
								</inputoptions>
							</param>
							<param>
								<name>MDT.FOLDER</name>
								<value1>ReferenceShare</value1>
								<value2/>
								<value3/>
								<type>0</type>
								<description>Folder of Reference Image Factory share</description>
								<hint>Please provide the necessary input</hint>
								<selection/>
								<inputtiming>
									<importbb showprev="no" eraseprev="no">no</importbb>
									<schedulejob showprev="yes" eraseprev="no">yes</schedulejob>
								</inputtiming>
								<inputoptions>
									<confirm>no</confirm>
									<force>no</force>
									<required>no</required>
									<validation>no</validation>
								</inputoptions>
							</param>
						</parameters>
						<conditions>
							<condition guid="{5D5545E7-99CE-4ADA-BA8A-5847EE5EBE19}">
								<expressions/>
								<operator>AND</operator>
								<actiontrue>3</actiontrue>
								<when>0</when>
								<action>3</action>
								<enabled>yes</enabled>
							</condition>
						</conditions>
						<variablescontainer></variablescontainer>
					</task>
					<task>
						<properties>
							<type>PWRSHELL</type>
							<guid>{5D5545E7-99CE-4ADA-BA8A-5847EE5EBE19}</guid>
							<description>Execute Windows PowerShell Script</description>
							<enabled>yes</enabled>
							<comments>Edit BOOTSTRAP.INI</comments>
							<onerror>fail</onerror>
						</properties>
						<settings>
							<username/>
							<password encrypted="yes">{015d45e3-c3ab-45e8-98e2-941328a099c8;s=00059;v=1;m=aes256}l+PTb6vO8/9BAg5zT8Msp23O32uS0QizEO6qxCBipHk=</password>
							<usescript>yes</usescript>
							<source># Edit BOOTSTRAP.INI

$content=@"
[Settings]
Priority=MacAddress, Default

[Default]
DeployRoot=##SHARE##
UserID=##USERID##
UserDomain=##USERDOMAIN##
UserPassword=##USERPASSWORD##
KeyboardLocale=en-US
SkipBDDWelcome=YES

"@

$folder = "$[MDT.FOLDER]"
$userid = "$[MDT.SERVICEACCOUNT]"
$computername = $env:computername
$password = "$[MDT.PASSWORD]"
$share = "\\" + $computername + "\" + $folder + "$"
$file = $share + "\Control\Bootstrap.ini"

$content = $content.replace("##SHARE##", $share) 
$content = $content.replace("##USERID##", $userid) 
$content = $content.replace("##USERDOMAIN##", $computername) 
$content = $content.replace("##USERPASSWORD##", $password)

Write-Host $content
Set-Content $file $content</source>
							<scriptext>ps1</scriptext>
							<outputwidth>80</outputwidth>
							<timeout>10</timeout>
							<terminate>no</terminate>
							<snapins/>
							<overrideexecutionpolicy>no</overrideexecutionpolicy>
							<usex86psonx64>no</usex86psonx64>
						</settings>
					</task>
				</tasks>
			</module>
		</modules>
		<resources/>
		<runbooks/>
		<teams/>
		<projectfolders/>
		<modulefolders/>
		<resourcefolders/>
		<runbookfolders/>
		<teamfolders/>
	</buildingblock>
</AutomationManager>
