<?xml version="1.0"?>
<!-- Ivanti Automation Building Blocks -->
<!-- Created by marcelvenema\administrator on 9/3/2018 10:11:43 AM -->
<AutomationManager>
	<buildingblock version="3.0" bbpwh="H5ZDtvmNHHpZUjbQEgGm/A==:20000:3Vp8j9Uj26xYhgfCzmFxKoV9PkN6MBxQKH/s2d9EF9g=">
		<projects/>
		<modules>
			<module>
				<properties>
					<guid>{43524F57-4429-0000-4D56-F505FBAE3935}</guid>
					<name>Set Deployment Toolkit WINPE ISO background</name>
					<enabled>yes</enabled>
					<description>This module will copy a MDT WinPE ISO background image to the MDT Samples folder. 
Please run it with every MDT installation.

MarcelVenema</description>
					<version>1.0.6</version>
					<versioncomment>Updated version</versioncomment>
					<properties>
						<separators/>
					</properties>
					<folderpath>
						<folder>
							<name>Software</name>
							<description/>
							<guid>{3393D2A2-09C5-406F-ABF0-1FAE97D56707}</guid>
							<folder>
								<name>Microsoft</name>
								<description/>
								<guid>{99A9EBDF-1F61-4D45-BCAE-1B037E4F3900}</guid>
								<folder>
									<name>Microsoft Deployment Toolkit (MDT)</name>
									<description/>
									<guid>{12C645A7-E996-4AFC-95F3-42FD8642466B}</guid>
									<folder>
										<name>Configuration</name>
										<description/>
										<guid>{68D5D88F-C6B5-43B6-AA9A-65031DBC501A}</guid>
									</folder>
								</folder>
							</folder>
						</folder>
					</folderpath>
					<deleteusedresources>yes</deleteusedresources>
				</properties>
				<tasks>
					<task hidden="yes">
						<limitinvoke>no</limitinvoke>
						<parameters/>
						<conditions>
							<condition guid="{37B1A7A3-A429-454C-9DD4-2F135F6FB8F2}">
								<expressions/>
								<operator>AND</operator>
								<actiontrue>3</actiontrue>
								<when>0</when>
								<action>3</action>
								<enabled>yes</enabled>
							</condition>
							<condition guid="{057982B3-EF96-466C-974E-62A600914373}">
								<expressions/>
							</condition>
							<condition guid="{B21F3A5F-6F9E-495C-BA51-CDBA038051FE}">
								<expressions/>
								<operator>AND</operator>
								<actiontrue>3</actiontrue>
								<when>0</when>
								<action>3</action>
								<enabled>yes</enabled>
							</condition>
						</conditions>
						<variablescontainer></variablescontainer>
					</task>
					<task>
						<properties>
							<type>DOWNLOAD</type>
							<guid>{37B1A7A3-A429-454C-9DD4-2F135F6FB8F2}</guid>
							<description>Download 1.4 MB in 1 file(s) to "%TMP%"</description>
							<enabled>yes</enabled>
							<comments>Download background</comments>
							<onerror>fail</onerror>
						</properties>
						<settings>
							<ysnlog>yes</ysnlog>
							<resources>{784BFEEE-65C4-4A63-B0B5-E5661C7A52A6}</resources>
							<destination>%TMP%</destination>
							<ysndestination>yes</ysndestination>
						</settings>
					</task>
					<task>
						<properties>
							<type>PWRSHELL</type>
							<guid>{B21F3A5F-6F9E-495C-BA51-CDBA038051FE}</guid>
							<description>Execute Windows PowerShell Script</description>
							<enabled>yes</enabled>
							<comments>Copy background to SAMPLES folder</comments>
							<onerror>fail</onerror>
						</properties>
						<settings>
							<username/>
							<password encrypted="yes">{015d45e3-c3ab-45e8-98e2-941328a099c8;s=00059;v=1;m=aes256}aj5+gHGBMypnBh2WjTtUqtNRYbv8SmlI4NDtBPJ8BJE=</password>
							<usescript>yes</usescript>
							<source>Try {
$MDTinstallDir = (Get-ItemProperty -Path "HKLM:SOFTWARE\Microsoft\Deployment 4\").Install_Dir
$destinationDir = $MDTinstallDir + "Samples"
}
Catch {}

Try {
$sourceFile = "%TMP%\Background.bmp"
Copy-Item $sourceFile $destinationDir -Force -Verbose
}
Catch {}</source>
							<scriptext>ps1</scriptext>
							<outputwidth>80</outputwidth>
							<timeout>10</timeout>
							<terminate>no</terminate>
							<snapins/>
							<overrideexecutionpolicy>no</overrideexecutionpolicy>
							<usex86psonx64>no</usex86psonx64>
						</settings>
					</task>
				</tasks>
			</module>
		</modules>
		<resources crc32="4A785559">
			<resource>
				<properties>
					<guid>{784BFEEE-65C4-4A63-B0B5-E5661C7A52A6}</guid>
					<version>1.0.1</version>
					<versioncomment>Updated version</versioncomment>
					<type>DATABASE</type>
					<file>Background.bmp</file>
					<parsefilecontent>no</parsefilecontent>
					<skipenvironmentvariables>no</skipenvironmentvariables>
					<comment>Background for MDT Lite Touch Installation

20141031 MarcelVenema.com</comment>
					<enabled>yes</enabled>
					<crc32>FEE3F032</crc32>
					<folderpath>
						<folder>
							<name>_Customer</name>
							<description/>
							<guid>{32C53AAA-D191-4158-A6B7-782D853F04BB}</guid>
							<folder>
								<name>MarcelVenema</name>
								<description/>
								<guid>{BAA9AC43-4483-4C8F-87E3-56471D5869EB}</guid>
							</folder>
						</folder>
					</folderpath>
				</properties>
			</resource>
		</resources>
		<runbooks/>
		<teams/>
		<projectfolders/>
		<modulefolders/>
		<resourcefolders/>
		<runbookfolders/>
		<teamfolders/>
	</buildingblock>
</AutomationManager>
