<?xml version="1.0"?>
<!-- Ivanti Automation Building Blocks -->
<!-- Created by marcelvenema\administrator on 8/29/2018 6:08:54 PM -->
<AutomationManager>
	<buildingblock version="3.0" bbpwh="jDdSalUSbK1XbT12oRMy/Q==:20000:qHAi3HLtRSjcraQJ2NoBflDLh0AJhwCjdke6f2+vHsw=">
		<projects/>
		<modules>
			<module>
				<properties>
					<guid>{43524F57-4429-0000-4D56-C8DDB72B2813}</guid>
					<name>Install SQL Server Native Client 2012 SP3</name>
					<enabled>yes</enabled>
					<description>Install SQL Server Native Client 2012 SP3

20160601 MarcelVenema.com</description>
					<version>1.0.9</version>
					<versioncomment>Updated version</versioncomment>
					<properties>
						<separators/>
					</properties>
					<folderpath>
						<folder>
							<name>Software</name>
							<description/>
							<guid>{3393D2A2-09C5-406F-ABF0-1FAE97D56707}</guid>
							<folder>
								<name>Microsoft</name>
								<description/>
								<guid>{99A9EBDF-1F61-4D45-BCAE-1B037E4F3900}</guid>
								<folder>
									<name>SQL Server</name>
									<description/>
									<guid>{9A5E9A82-A1D2-41CF-891B-9075229A6E3C}</guid>
									<folder>
										<name>2012</name>
										<description/>
										<guid>{D316561B-6B82-4998-9547-E52C113C9EB5}</guid>
										<folder>
											<name>SP3</name>
											<description/>
											<guid>{7E6E6788-06B3-4E78-B302-9686D8487444}</guid>
										</folder>
									</folder>
								</folder>
							</folder>
						</folder>
					</folderpath>
					<deleteusedresources>yes</deleteusedresources>
				</properties>
				<tasks>
					<task hidden="yes">
						<limitinvoke>no</limitinvoke>
						<parameters/>
						<conditions>
							<condition guid="{D7AC6489-B847-4F60-9387-5D6C2AB0B78F}">
								<expressions>
									<expression guid="{03259B9D-18C4-47B3-84A0-A9D250CDC9AD}">
										<operand>Operating System Bit Version</operand>
										<operator>=</operator>
										<value>64</value>
										<type>6</type>
									</expression>
								</expressions>
								<operator>AND</operator>
								<actiontrue>3</actiontrue>
								<setparametertrue>no</setparametertrue>
								<parametertrue>
								</parametertrue>
								<when>0</when>
								<action>0</action>
								<setparameter>no</setparameter>
								<parameter>
								</parameter>
								<enabled>yes</enabled>
							</condition>
							<condition guid="{8005EA01-C170-4C34-ADA7-D08F6EFBFA46}">
								<expressions>
									<expression guid="{24DE2A0C-4B90-4847-BCB0-860F2DB05036}">
										<operand>Operating System Bit Version</operand>
										<operator>=</operator>
										<value>32</value>
										<type>6</type>
									</expression>
								</expressions>
								<operator>AND</operator>
								<actiontrue>3</actiontrue>
								<setparametertrue>no</setparametertrue>
								<parametertrue>
								</parametertrue>
								<when>0</when>
								<action>0</action>
								<setparameter>no</setparameter>
								<parameter>
								</parameter>
								<enabled>yes</enabled>
							</condition>
						</conditions>
						<variablescontainer></variablescontainer>
					</task>
					<task>
						<properties>
							<type>MSI</type>
							<guid>{D7AC6489-B847-4F60-9387-5D6C2AB0B78F}</guid>
							<description>Install "sqlncli.msi"</description>
							<enabled>yes</enabled>
							<comments>Install x64</comments>
							<onerror>fail</onerror>
						</properties>
						<settings>
							<mode>i</mode>
							<username/>
							<password encrypted="yes">
							</password>
							<package>{596D6693-D62D-4060-8E74-6C93D9D6C6E4}</package>
							<log>i</log>
							<uselocalwininstallerdir>no</uselocalwininstallerdir>
							<supportrespf>no</supportrespf>
							<publicproperties>
								<publicproperty>IACCEPTSQLNCLILICENSETERMS=YES</publicproperty>
								<publicproperty>ALLUSERS=2</publicproperty>
							</publicproperties>
							<transforms/>
						</settings>
					</task>
					<task>
						<properties>
							<type>MSI</type>
							<guid>{8005EA01-C170-4C34-ADA7-D08F6EFBFA46}</guid>
							<description>Install "sqlncli.msi"</description>
							<enabled>yes</enabled>
							<comments>Install x86</comments>
							<onerror>fail</onerror>
						</properties>
						<settings>
							<mode>i</mode>
							<username/>
							<password encrypted="yes">
							</password>
							<package>{313CB291-3970-476D-B84A-2B935119F363}</package>
							<log>i</log>
							<uselocalwininstallerdir>no</uselocalwininstallerdir>
							<supportrespf>no</supportrespf>
							<publicproperties>
								<publicproperty>IACCEPTSQLNCLILICENSETERMS=YES</publicproperty>
								<publicproperty>ALLUSERS=2</publicproperty>
							</publicproperties>
							<transforms/>
						</settings>
					</task>
				</tasks>
			</module>
		</modules>
		<resources>
			<resource>
				<properties>
					<guid>{596D6693-D62D-4060-8E74-6C93D9D6C6E4}</guid>
					<version>1.0.2</version>
					<versioncomment>Updated version</versioncomment>
					<type>DATABASE</type>
					<file>sqlncli.msi</file>
					<parsefilecontent>no</parsefilecontent>
					<skipenvironmentvariables>no</skipenvironmentvariables>
					<comment>SQL Server Native Client 2012 SP3 x64

downloaded from https://www.microsoft.com/en-us/download/details.aspx?id=49999
MarcelVenema.com</comment>
					<enabled>yes</enabled>
					<crc32>A17AF04A</crc32>
					<folderpath>
						<folder>
							<name>Software</name>
							<description/>
							<guid>{1A7069CC-066A-4731-9C52-15A1505C776F}</guid>
							<folder>
								<name>Microsoft</name>
								<description/>
								<guid>{ED6E28C1-19C7-4BC5-8417-1BA4CB94D5A7}</guid>
								<folder>
									<name>SQL</name>
									<description/>
									<guid>{5CEB4976-162A-42B2-A053-AEE3FF6E8555}</guid>
									<folder>
										<name>2012</name>
										<description/>
										<guid>{6AF5A37E-F6F0-4550-BE7F-7EFB9883E136}</guid>
										<folder>
											<name>SP3</name>
											<description/>
											<guid>{208BD7E8-583E-48D9-BC90-AE54C4FFF425}</guid>
										</folder>
									</folder>
								</folder>
							</folder>
						</folder>
					</folderpath>
				</properties>
			</resource>
			<resource>
				<properties>
					<guid>{313CB291-3970-476D-B84A-2B935119F363}</guid>
					<version>1.0.1</version>
					<versioncomment>Updated version</versioncomment>
					<type>DATABASE</type>
					<file>sqlncli.msi</file>
					<parsefilecontent>no</parsefilecontent>
					<skipenvironmentvariables>no</skipenvironmentvariables>
					<comment>SQL Server Native Client 2012 SP3 x86

downloaded from https://www.microsoft.com/en-us/download/details.aspx?id=49999
MarcelVenema.com</comment>
					<enabled>yes</enabled>
					<crc32>4D19C814</crc32>
					<folderpath>
						<folder>
							<name>Software</name>
							<description/>
							<guid>{1A7069CC-066A-4731-9C52-15A1505C776F}</guid>
							<folder>
								<name>Microsoft</name>
								<description/>
								<guid>{ED6E28C1-19C7-4BC5-8417-1BA4CB94D5A7}</guid>
								<folder>
									<name>SQL</name>
									<description/>
									<guid>{5CEB4976-162A-42B2-A053-AEE3FF6E8555}</guid>
									<folder>
										<name>2012</name>
										<description/>
										<guid>{6AF5A37E-F6F0-4550-BE7F-7EFB9883E136}</guid>
										<folder>
											<name>SP3</name>
											<description/>
											<guid>{208BD7E8-583E-48D9-BC90-AE54C4FFF425}</guid>
										</folder>
									</folder>
								</folder>
							</folder>
						</folder>
					</folderpath>
				</properties>
			</resource>
		</resources>
		<runbooks/>
		<teams/>
		<projectfolders/>
		<modulefolders/>
		<resourcefolders/>
		<runbookfolders/>
		<teamfolders/>
	</buildingblock>
</AutomationManager>
